{
    "payload": [
        {
            "host": "mvno-mobile.cdn-tinkoff.ru",
            "pins": [
                {
                    "is_online": true,
                    "pin": "+7xuvCwnNkG3inMDD+ckESvkHzVqcecXPmCtDPJYkgg=",
                    "serial": "3dcb2301d72d6957379385df659e389"
                }
            ]
        },
        {
            "host": "magentbet-biom.tcsbank.ru",
            "pins": [
                {
                    "is_online": true,
                    "pin": "3WlsDD6NrYWmVA61rY9B2zbDPoQEFOMlm+uiksUEr+M=",
                    "serial": "5370813ff159097e5dc7de5b783901c"
                },
                {
                    "pin": "3WlsDD6NrYWmVA61rY9B2zbDPoQEFOMlm+uiksUEr+M=",
                    "serial": "5370813ff159097e5dc7de5b783901c"
                },
                {
                    "pin": "D403ov7UAPUgCCZyy7SpZJ6plFIYTdbhsPc4Ce5jUP8=",
                    "serial": "3f873b08a0cdc88d5b7caa7146a986f"
                }
            ]
        },
        {
            "host": "magentbep-biom.tcsbank.ru",
            "pins": [
                {
                    "is_online": true,
                    "pin": "3WlsDD6NrYWmVA61rY9B2zbDPoQEFOMlm+uiksUEr+M=",
                    "serial": "5370813ff159097e5dc7de5b783901c"
                },
                {
                    "pin": "3WlsDD6NrYWmVA61rY9B2zbDPoQEFOMlm+uiksUEr+M=",
                    "serial": "5370813ff159097e5dc7de5b783901c"
                },
                {
                    "pin": "D403ov7UAPUgCCZyy7SpZJ6plFIYTdbhsPc4Ce5jUP8=",
                    "serial": "3f873b08a0cdc88d5b7caa7146a986f"
                }
            ]
        },
        {
            "host": "msgrapi.tinkoff.ru",
            "pins": [
                {
                    "is_online": true,
                    "pin": "jN4eTIDGCMA8uOCo4W6tAoXWGKAf+KV90nyOPEA0/4E=",
                    "serial": "2c9d2fb0601c98b90d8d863fafb26a9"
                },
                {
                    "pin": "fukxSqo6xlQnUz4xp2sCJdLgTo7S4XQNEeg1DhhyYQM=",
                    "serial": "dc76fb7069edbb6d563e250de83e529"
                },
                {
                    "pin": "jN4eTIDGCMA8uOCo4W6tAoXWGKAf+KV90nyOPEA0/4E=",
                    "serial": "2c9d2fb0601c98b90d8d863fafb26a9"
                }
            ]
        },
        {
            "host": "mvno-web.cdn-tinkoff.ru",
            "pins": [
                {
                    "is_online": true,
                    "pin": "+7xuvCwnNkG3inMDD+ckESvkHzVqcecXPmCtDPJYkgg=",
                    "serial": "3dcb2301d72d6957379385df659e389"
                }
            ]
        },
        {
            "host": "tmsg.tinkoff.ru",
            "pins": [
                {
                    "is_online": true,
                    "pin": "jN4eTIDGCMA8uOCo4W6tAoXWGKAf+KV90nyOPEA0/4E=",
                    "serial": "2c9d2fb0601c98b90d8d863fafb26a9"
                },
                {
                    "pin": "fukxSqo6xlQnUz4xp2sCJdLgTo7S4XQNEeg1DhhyYQM=",
                    "serial": "dc76fb7069edbb6d563e250de83e529"
                },
                {
                    "pin": "jN4eTIDGCMA8uOCo4W6tAoXWGKAf+KV90nyOPEA0/4E=",
                    "serial": "2c9d2fb0601c98b90d8d863fafb26a9"
                }
            ]
        },
        {
            "host": "acdn.tinkoff.ru",
            "pins": [
                {
                    "is_online": true,
                    "pin": "Hk2UQp7TYPGhzNNUXQT1VmfSkqyNdabMJHgQgm45xr0=",
                    "serial": "73b5ebbef95cb523d2c559e1eabd6c4"
                },
                {
                    "pin": "fukxSqo6xlQnUz4xp2sCJdLgTo7S4XQNEeg1DhhyYQM=",
                    "serial": "dc76fb7069edbb6d563e250de83e529"
                },
                {
                    "pin": "jN4eTIDGCMA8uOCo4W6tAoXWGKAf+KV90nyOPEA0/4E=",
                    "serial": "2c9d2fb0601c98b90d8d863fafb26a9"
                },
                {
                    "pin": "3WlsDD6NrYWmVA61rY9B2zbDPoQEFOMlm+uiksUEr+M=",
                    "serial": "5370813ff159097e5dc7de5b783901c"
                },
                {
                    "pin": "D403ov7UAPUgCCZyy7SpZJ6plFIYTdbhsPc4Ce5jUP8=",
                    "serial": "3f873b08a0cdc88d5b7caa7146a986f"
                }
            ]
        },
        {
            "host": "mobile-minvest-prod.cdn-tinkoff.ru",
            "pins": [
                {
                    "is_online": true,
                    "pin": "+7xuvCwnNkG3inMDD+ckESvkHzVqcecXPmCtDPJYkgg=",
                    "serial": "3dcb2301d72d6957379385df659e389"
                }
            ]
        },
        {
            "host": "dolyame.ru",
            "pins": [
                {
                    "is_online": true,
                    "pin": "t1PZLrD23BFzz6S3I4aef3DjlUM8093htgRXwo/S9wk=",
                    "serial": "50a30fc846087a78419e5ce28c709474"
                }
            ]
        },
        {
            "host": "appinapp-img-prod.cdn-tinkoff.ru",
            "pins": [
                {
                    "is_online": true,
                    "pin": "+7xuvCwnNkG3inMDD+ckESvkHzVqcecXPmCtDPJYkgg=",
                    "serial": "3dcb2301d72d6957379385df659e389"
                }
            ]
        },
        {
            "host": "sme.tinkoff.ru",
            "pins": [
                {
                    "is_online": true,
                    "pin": "jN4eTIDGCMA8uOCo4W6tAoXWGKAf+KV90nyOPEA0/4E=",
                    "serial": "2c9d2fb0601c98b90d8d863fafb26a9"
                },
                {
                    "pin": "fukxSqo6xlQnUz4xp2sCJdLgTo7S4XQNEeg1DhhyYQM=",
                    "serial": "dc76fb7069edbb6d563e250de83e529"
                },
                {
                    "pin": "jN4eTIDGCMA8uOCo4W6tAoXWGKAf+KV90nyOPEA0/4E=",
                    "serial": "2c9d2fb0601c98b90d8d863fafb26a9"
                }
            ]
        },
        {
            "host": "tapi.tinkoff.ru",
            "pins": [
                {
                    "is_online": true,
                    "pin": "jN4eTIDGCMA8uOCo4W6tAoXWGKAf+KV90nyOPEA0/4E=",
                    "serial": "2c9d2fb0601c98b90d8d863fafb26a9"
                },
                {
                    "pin": "fukxSqo6xlQnUz4xp2sCJdLgTo7S4XQNEeg1DhhyYQM=",
                    "serial": "dc76fb7069edbb6d563e250de83e529"
                },
                {
                    "pin": "jN4eTIDGCMA8uOCo4W6tAoXWGKAf+KV90nyOPEA0/4E=",
                    "serial": "2c9d2fb0601c98b90d8d863fafb26a9"
                }
            ]
        },
        {
            "host": "config.tinkoff.ru",
            "pins": [
                {
                    "is_online": true,
                    "pin": "TAOv+PwVaVXqWTrCMgV6lV/jiPZFLavHpHPMxX+C/lc=",
                    "serial": "b230d0ebe9148e6b9c44728c4d01ef1"
                },
                {
                    "pin": "s6xGyPIeuJv9rlIq8iBlc52SNk8p/ggMJwlhA3ErV3I=",
                    "serial": "3769300060e20238938081be9dabb47"
                },
                {
                    "pin": "fukxSqo6xlQnUz4xp2sCJdLgTo7S4XQNEeg1DhhyYQM=",
                    "serial": "dc76fb7069edbb6d563e250de83e529"
                },
                {
                    "pin": "jN4eTIDGCMA8uOCo4W6tAoXWGKAf+KV90nyOPEA0/4E=",
                    "serial": "2c9d2fb0601c98b90d8d863fafb26a9"
                },
                {
                    "pin": "3WlsDD6NrYWmVA61rY9B2zbDPoQEFOMlm+uiksUEr+M=",
                    "serial": "5370813ff159097e5dc7de5b783901c"
                },
                {
                    "pin": "D403ov7UAPUgCCZyy7SpZJ6plFIYTdbhsPc4Ce5jUP8=",
                    "serial": "3f873b08a0cdc88d5b7caa7146a986f"
                }
            ]
        },
        {
            "host": "api.tinkoff.ru",
            "pins": [
                {
                    "is_online": true,
                    "pin": "jN4eTIDGCMA8uOCo4W6tAoXWGKAf+KV90nyOPEA0/4E=",
                    "serial": "2c9d2fb0601c98b90d8d863fafb26a9"
                },
                {
                    "pin": "fukxSqo6xlQnUz4xp2sCJdLgTo7S4XQNEeg1DhhyYQM=",
                    "serial": "dc76fb7069edbb6d563e250de83e529"
                },
                {
                    "pin": "jN4eTIDGCMA8uOCo4W6tAoXWGKAf+KV90nyOPEA0/4E=",
                    "serial": "2c9d2fb0601c98b90d8d863fafb26a9"
                }
            ]
        },
        {
            "host": "www.tinkoff.ru",
            "pins": [
                {
                    "is_online": true,
                    "pin": "jN4eTIDGCMA8uOCo4W6tAoXWGKAf+KV90nyOPEA0/4E=",
                    "serial": "2c9d2fb0601c98b90d8d863fafb26a9"
                },
                {
                    "pin": "fukxSqo6xlQnUz4xp2sCJdLgTo7S4XQNEeg1DhhyYQM=",
                    "serial": "dc76fb7069edbb6d563e250de83e529"
                },
                {
                    "pin": "jN4eTIDGCMA8uOCo4W6tAoXWGKAf+KV90nyOPEA0/4E=",
                    "serial": "2c9d2fb0601c98b90d8d863fafb26a9"
                }
            ]
        },
        {
            "host": "mobile-bank.cdn-tinkoff.ru",
            "pins": [
                {
                    "is_online": true,
                    "pin": "+7xuvCwnNkG3inMDD+ckESvkHzVqcecXPmCtDPJYkgg=",
                    "serial": "3dcb2301d72d6957379385df659e389"
                }
            ]
        },
        {
            "host": "brands-prod.cdn-tinkoff.ru",
            "pins": [
                {
                    "is_online": true,
                    "pin": "+7xuvCwnNkG3inMDD+ckESvkHzVqcecXPmCtDPJYkgg=",
                    "serial": "3dcb2301d72d6957379385df659e389"
                }
            ]
        },
        {
            "host": "mobile-core-prod.cdn-tinkoff.ru",
            "pins": [
                {
                    "is_online": true,
                    "pin": "+7xuvCwnNkG3inMDD+ckESvkHzVqcecXPmCtDPJYkgg=",
                    "serial": "3dcb2301d72d6957379385df659e389"
                }
            ]
        },
        {
            "host": "origination.tinkoff.ru",
            "pins": [
                {
                    "is_online": true,
                    "pin": "jN4eTIDGCMA8uOCo4W6tAoXWGKAf+KV90nyOPEA0/4E=",
                    "serial": "2c9d2fb0601c98b90d8d863fafb26a9"
                },
                {
                    "pin": "fukxSqo6xlQnUz4xp2sCJdLgTo7S4XQNEeg1DhhyYQM=",
                    "serial": "dc76fb7069edbb6d563e250de83e529"
                },
                {
                    "pin": "jN4eTIDGCMA8uOCo4W6tAoXWGKAf+KV90nyOPEA0/4E=",
                    "serial": "2c9d2fb0601c98b90d8d863fafb26a9"
                }
            ]
        },
        {
            "host": "mobile-card2card-prod.cdn-tinkoff.ru",
            "pins": [
                {
                    "is_online": true,
                    "pin": "+7xuvCwnNkG3inMDD+ckESvkHzVqcecXPmCtDPJYkgg=",
                    "serial": "3dcb2301d72d6957379385df659e389"
                }
            ]
        },
        {
            "host": "api-statist.tinkoff.ru",
            "pins": [
                {
                    "is_online": true,
                    "pin": "jN4eTIDGCMA8uOCo4W6tAoXWGKAf+KV90nyOPEA0/4E=",
                    "serial": "2c9d2fb0601c98b90d8d863fafb26a9"
                },
                {
                    "pin": "fukxSqo6xlQnUz4xp2sCJdLgTo7S4XQNEeg1DhhyYQM=",
                    "serial": "dc76fb7069edbb6d563e250de83e529"
                },
                {
                    "pin": "jN4eTIDGCMA8uOCo4W6tAoXWGKAf+KV90nyOPEA0/4E=",
                    "serial": "2c9d2fb0601c98b90d8d863fafb26a9"
                }
            ]
        },
        {
            "host": "rbac.tinkoff.ru",
            "pins": [
                {
                    "is_online": true,
                    "pin": "jN4eTIDGCMA8uOCo4W6tAoXWGKAf+KV90nyOPEA0/4E=",
                    "serial": "2c9d2fb0601c98b90d8d863fafb26a9"
                },
                {
                    "pin": "fukxSqo6xlQnUz4xp2sCJdLgTo7S4XQNEeg1DhhyYQM=",
                    "serial": "dc76fb7069edbb6d563e250de83e529"
                },
                {
                    "pin": "jN4eTIDGCMA8uOCo4W6tAoXWGKAf+KV90nyOPEA0/4E=",
                    "serial": "2c9d2fb0601c98b90d8d863fafb26a9"
                }
            ]
        },
        {
            "host": "mobile-lifestyle-static-prod.cdn-tinkoff.ru",
            "pins": [
                {
                    "is_online": true,
                    "pin": "+7xuvCwnNkG3inMDD+ckESvkHzVqcecXPmCtDPJYkgg=",
                    "serial": "3dcb2301d72d6957379385df659e389"
                }
            ]
        },
        {
            "host": "static2.tinkoff.ru",
            "pins": [
                {
                    "is_online": true,
                    "pin": "jN4eTIDGCMA8uOCo4W6tAoXWGKAf+KV90nyOPEA0/4E=",
                    "serial": "2c9d2fb0601c98b90d8d863fafb26a9"
                },
                {
                    "pin": "fukxSqo6xlQnUz4xp2sCJdLgTo7S4XQNEeg1DhhyYQM=",
                    "serial": "dc76fb7069edbb6d563e250de83e529"
                },
                {
                    "pin": "jN4eTIDGCMA8uOCo4W6tAoXWGKAf+KV90nyOPEA0/4E=",
                    "serial": "2c9d2fb0601c98b90d8d863fafb26a9"
                }
            ]
        },
        {
            "host": "mobile-vkarmane-prod.cdn-tinkoff.ru",
            "pins": [
                {
                    "is_online": true,
                    "pin": "+7xuvCwnNkG3inMDD+ckESvkHzVqcecXPmCtDPJYkgg=",
                    "serial": "3dcb2301d72d6957379385df659e389"
                }
            ]
        },
        {
            "host": "business.tinkoff.ru",
            "pins": [
                {
                    "is_online": true,
                    "pin": "jN4eTIDGCMA8uOCo4W6tAoXWGKAf+KV90nyOPEA0/4E=",
                    "serial": "2c9d2fb0601c98b90d8d863fafb26a9"
                },
                {
                    "pin": "fukxSqo6xlQnUz4xp2sCJdLgTo7S4XQNEeg1DhhyYQM=",
                    "serial": "dc76fb7069edbb6d563e250de83e529"
                },
                {
                    "pin": "jN4eTIDGCMA8uOCo4W6tAoXWGKAf+KV90nyOPEA0/4E=",
                    "serial": "2c9d2fb0601c98b90d8d863fafb26a9"
                }
            ]
        },
        {
            "host": "static.tinkoff.ru",
            "pins": [
                {
                    "is_online": true,
                    "pin": "jN4eTIDGCMA8uOCo4W6tAoXWGKAf+KV90nyOPEA0/4E=",
                    "serial": "2c9d2fb0601c98b90d8d863fafb26a9"
                },
                {
                    "pin": "fukxSqo6xlQnUz4xp2sCJdLgTo7S4XQNEeg1DhhyYQM=",
                    "serial": "dc76fb7069edbb6d563e250de83e529"
                },
                {
                    "pin": "jN4eTIDGCMA8uOCo4W6tAoXWGKAf+KV90nyOPEA0/4E=",
                    "serial": "2c9d2fb0601c98b90d8d863fafb26a9"
                }
            ]
        },
        {
            "host": "magentbet.tcsbank.ru",
            "pins": [
                {
                    "is_online": true,
                    "pin": "3WlsDD6NrYWmVA61rY9B2zbDPoQEFOMlm+uiksUEr+M=",
                    "serial": "5370813ff159097e5dc7de5b783901c"
                },
                {
                    "pin": "3WlsDD6NrYWmVA61rY9B2zbDPoQEFOMlm+uiksUEr+M=",
                    "serial": "5370813ff159097e5dc7de5b783901c"
                },
                {
                    "pin": "D403ov7UAPUgCCZyy7SpZJ6plFIYTdbhsPc4Ce5jUP8=",
                    "serial": "3f873b08a0cdc88d5b7caa7146a986f"
                }
            ]
        },
        {
            "host": "id.tinkoff.ru",
            "pins": [
                {
                    "is_online": true,
                    "pin": "jN4eTIDGCMA8uOCo4W6tAoXWGKAf+KV90nyOPEA0/4E=",
                    "serial": "2c9d2fb0601c98b90d8d863fafb26a9"
                },
                {
                    "pin": "fukxSqo6xlQnUz4xp2sCJdLgTo7S4XQNEeg1DhhyYQM=",
                    "serial": "dc76fb7069edbb6d563e250de83e529"
                },
                {
                    "pin": "jN4eTIDGCMA8uOCo4W6tAoXWGKAf+KV90nyOPEA0/4E=",
                    "serial": "2c9d2fb0601c98b90d8d863fafb26a9"
                }
            ]
        },
        {
            "host": "magentbep.tcsbank.ru",
            "pins": [
                {
                    "is_online": true,
                    "pin": "3WlsDD6NrYWmVA61rY9B2zbDPoQEFOMlm+uiksUEr+M=",
                    "serial": "5370813ff159097e5dc7de5b783901c"
                },
                {
                    "pin": "3WlsDD6NrYWmVA61rY9B2zbDPoQEFOMlm+uiksUEr+M=",
                    "serial": "5370813ff159097e5dc7de5b783901c"
                },
                {
                    "pin": "D403ov7UAPUgCCZyy7SpZJ6plFIYTdbhsPc4Ce5jUP8=",
                    "serial": "3f873b08a0cdc88d5b7caa7146a986f"
                }
            ]
        },
        {
            "host": "api-common.tinkoff.ru",
            "pins": [
                {
                    "is_online": true,
                    "pin": "jN4eTIDGCMA8uOCo4W6tAoXWGKAf+KV90nyOPEA0/4E=",
                    "serial": "2c9d2fb0601c98b90d8d863fafb26a9"
                },
                {
                    "pin": "fukxSqo6xlQnUz4xp2sCJdLgTo7S4XQNEeg1DhhyYQM=",
                    "serial": "dc76fb7069edbb6d563e250de83e529"
                },
                {
                    "pin": "jN4eTIDGCMA8uOCo4W6tAoXWGKAf+KV90nyOPEA0/4E=",
                    "serial": "2c9d2fb0601c98b90d8d863fafb26a9"
                }
            ]
        },
        {
            "host": "homeagents.online",
            "pins": [
                {
                    "is_online": true,
                    "pin": "bZjWDQHIv5ac5yLKHlOdNc4acNJP8N11cNcXV5dkRrQ=",
                    "serial": "6f9ce88bea3cca573862e13c75e206c"
                },
                {
                    "pin": "fukxSqo6xlQnUz4xp2sCJdLgTo7S4XQNEeg1DhhyYQM=",
                    "serial": "dc76fb7069edbb6d563e250de83e529"
                },
                {
                    "pin": "jN4eTIDGCMA8uOCo4W6tAoXWGKAf+KV90nyOPEA0/4E=",
                    "serial": "2c9d2fb0601c98b90d8d863fafb26a9"
                },
                {
                    "pin": "3WlsDD6NrYWmVA61rY9B2zbDPoQEFOMlm+uiksUEr+M=",
                    "serial": "5370813ff159097e5dc7de5b783901c"
                },
                {
                    "pin": "D403ov7UAPUgCCZyy7SpZJ6plFIYTdbhsPc4Ce5jUP8=",
                    "serial": "3f873b08a0cdc88d5b7caa7146a986f"
                }
            ]
        },
        {
            "host": "sso.tinkoff.ru",
            "pins": [
                {
                    "is_online": true,
                    "pin": "jN4eTIDGCMA8uOCo4W6tAoXWGKAf+KV90nyOPEA0/4E=",
                    "serial": "2c9d2fb0601c98b90d8d863fafb26a9"
                },
                {
                    "pin": "fukxSqo6xlQnUz4xp2sCJdLgTo7S4XQNEeg1DhhyYQM=",
                    "serial": "dc76fb7069edbb6d563e250de83e529"
                },
                {
                    "pin": "jN4eTIDGCMA8uOCo4W6tAoXWGKAf+KV90nyOPEA0/4E=",
                    "serial": "2c9d2fb0601c98b90d8d863fafb26a9"
                }
            ]
        },
        {
            "host": "mobile-invest-course-prod.cdn-tinkoff.ru",
            "pins": [
                {
                    "is_online": true,
                    "pin": "+7xuvCwnNkG3inMDD+ckESvkHzVqcecXPmCtDPJYkgg=",
                    "serial": "3dcb2301d72d6957379385df659e389"
                }
            ]
        },
        {
            "host": "mobile-appinapp-static-prod.cdn-tinkoff.ru",
            "pins": [
                {
                    "is_online": true,
                    "pin": "+7xuvCwnNkG3inMDD+ckESvkHzVqcecXPmCtDPJYkgg=",
                    "serial": "3dcb2301d72d6957379385df659e389"
                }
            ]
        },
        {
            "host": "mobile-bank-cdn-fb.tinkoff.ru",
            "pins": [
                {
                    "is_online": true,
                    "pin": "jN4eTIDGCMA8uOCo4W6tAoXWGKAf+KV90nyOPEA0/4E=",
                    "serial": "2c9d2fb0601c98b90d8d863fafb26a9"
                },
                {
                    "pin": "fukxSqo6xlQnUz4xp2sCJdLgTo7S4XQNEeg1DhhyYQM=",
                    "serial": "dc76fb7069edbb6d563e250de83e529"
                },
                {
                    "pin": "jN4eTIDGCMA8uOCo4W6tAoXWGKAf+KV90nyOPEA0/4E=",
                    "serial": "2c9d2fb0601c98b90d8d863fafb26a9"
                }
            ]
        }
    ]
}
